row,col,count
Male,Uses bucket,200
Male,Does not use bucket,13
Female,Uses bucket,90
Female,Does not use bucket,6

The purpose of this CSV file is to represent the relationship between gender (Male and Female) and the usage of a bucket (Uses bucket and Does not use bucket) in a serious relationship context. The 'count' column indicates the number of individuals in each category combination.
# Generated by: word_graph_01_mosaic.py
# Represents: Contingency table of gender vs. "serious relationship" language bucket usage
# Negation-aware: Phrases like "not looking for serious relationship" are excluded from "Uses bucket"
# Bucket terms: love, loving, relationship, relationships, stability, stable, dating, partner, partners, marriage, married, family, commitment, committed, serious, long term, kids, children, compatible, longterm
# Min hits: 1 (minimum non-negated matches to count as "Uses bucket")
# Negation window: 8 words before a term triggers negation exclusion

Based on the data collected: 200 of the 213 male profiles contained serious language or (93.90%) while 90 of the 96 female profiles contained serious language (93.75%). This indicates a high prevalence of serious relationship language usage among both genders

Why this data matters: Understanding the prevalence of serious relationship language can provide insights into dating preferences and communication styles among different genders 
It also provides us insight in the type of people who are using DateMe directory: most of them are looking for serious relationships (regardless of gender). 
This is arguably understandable since the majority of people building datemedocs are in late 20s-40s age range and are likely looking for long-term commitments.